<Ui xmlns="http://www.blizzard.com/wow/ui/" xmlns:xsi="http://www.w3.org/2001/XMLSchema-instance" xsi:schemaLocation="http://www.blizzard.com/wow/ui/
..\FrameXML\UI.xsd">

<Script file="libs\libstub.lua"/>
<Script file="libs\CallbackHandler-1.0.lua"/>
<Include file="libs\AceAddon-3.0\AceAddon-3.0.xml"/>
<Include file="libs\AceConsole-3.0\AceConsole-3.0.xml"/>
<Include file="libs\AceDB-3.0\AceDB-3.0.xml"/>
<Include file="libs\AceEvent-3.0\AceEvent-3.0.xml"/>
<Include file="libs\AceTimer-3.0\AceTimer-3.0.xml"/>
<Include file="libs\AceLocale-3.0\AceLocale-3.0.xml"/>
<Include file="libs\AceComm-3.0\AceComm-3.0.xml" />
<Include file="libs\AceSerializer-3.0\AceSerializer-3.0.xml" />

<Script file="Libs\LibDataBroker-1.1.lua"/>
<Script file="libs\LibPeriodicTable-3.1\LibPeriodicTable-3.1.lua"/>

<Include file="Libs\DewdropLib\embeds.xml"/>
<Script file="Libs\DewdropLib\Dewdrop-2.0\Dewdrop-2.0.lua"/>

<Script file="MysticExtended.lua"/>


</Ui>
